{
  "version": "2.0",
  "isDefaultHostConfig": true,
  "extensionBundle": {
    "id": "Microsoft.Azure.Functions.ExtensionBundle",
    "version": "[4.*, 5.0.0)"
  },
  "logging": {
    "applicationInsights": {
      "samplingSettings": {
        "isEnabled": true,
        "excludedTypes": "Request"
      }
    },
    "logLevel": {
      "default": "Information",
      "Host.Results": "Information",
      "Function": "Information",
      "Host.Aggregator": "Information"
    }
  },
  "cors": {
    "allowedOrigins": ["*"],
    "allowedMethods": ["GET", "POST", "OPTIONS"],
    "allowedHeaders": ["Content-Type", "Authorization", "X-Requested-With", "Origin", "Accept"],
    "exposedHeaders": ["Content-Type", "Access-Control-Allow-Origin"],
    "maxAge": 86400,
    "allowCredentials": false
  }
} 